e1,alpha1,e2,alpha2,e3,alpha3,e4,alpha4,e5,alpha5,e6,alpha6,e7,alpha7
2.466,2078.31786,2.4382,2086.79643,2.3907,2070.83929,2.3419,2085.82519,2.2844,2030.77699,2.2279,2010.7452,2.1827,2048.80878
2.4646,2052.48824,2.4368,2059.39412,2.3893,2046.58237,2.3405,2063.02479,2.283,2008.10748,2.2265,1986.44253,2.1813,2027.77244
2.4632,2033.37566,2.4354,2042.47533,2.3879,2025.27599,2.3391,2035.88315,2.2816,1983.75993,2.2251,1959.05258,2.1799,2006.46728
2.4618,2002.74759,2.434,2012.19879,2.3865,1994.29638,2.3377,2007.96797,2.2802,1964.44796,2.2237,1941.21866,2.1785,1985.67726
2.4604,1966.88966,2.4326,1973.60733,2.3851,1961.17199,2.3363,1988.6663,2.2788,1945.68638,2.2223,1924.83307,2.1771,1964.53969
2.459,1929.49129,2.4312,1934.72065,2.3837,1925.26194,2.3349,1961.46622,2.2774,1926.14127,2.2209,1907.19125,2.1757,1943.0913
2.4576,1901.34964,2.4298,1907.11232,2.3823,1896.58697,2.3335,1932.18995,2.276,1899.81143,2.2195,1875.6728,2.1743,1921.95007
2.4562,1875.20908,2.4284,1883.11704,2.3809,1868.30111,2.3321,1901.52808,2.2746,1870.7696,2.2181,1848.44526,2.1729,1891.09393
2.4548,1846.01829,2.427,1855.22164,2.3795,1837.81493,2.3307,1872.892,2.2732,1844.75,2.2167,1817.28604,2.1715,1870.21396
2.4534,1813.92261,2.4256,1827.29881,2.3781,1801.54642,2.3293,1840.62592,2.2718,1818.0394,2.2153,1784.90577,2.1701,1849.17303
2.452,1786.08695,2.4242,1796.75597,2.3767,1776.41792,2.3279,1818.69935,2.2704,1792.22369,2.2139,1754.40412,2.1687,1828.04325
2.4506,1760.33298,2.4228,1768.91649,2.3753,1752.74948,2.3265,1795.82812,2.269,1768.14265,2.2125,1727.55434,2.1673,1806.73096
2.4492,1736.2612,2.4214,1743.3431,2.3739,1730.1793,2.3251,1773.69101,2.2676,1745.76326,2.2111,1704.16681,2.1659,1785.3597
2.4478,1711.14294,2.42,1717.95897,2.3725,1705.32692,2.3237,1750.45039,2.2662,1723.98899,2.2097,1681.71028,2.1645,1764.2677
2.4463,1684.9008,2.4185,1692.4879,2.371,1678.3137,2.3222,1725.54794,2.2647,1698.59393,2.2082,1659.09209,2.163,1736.09577
2.4449,1664.39416,2.4171,1672.73458,2.3696,1657.05373,2.3208,1699.97958,2.2633,1671.55798,2.2068,1629.13974,2.1616,1711.97622
2.4434,1644.92635,2.4156,1652.78818,2.3681,1638.06453,2.3193,1676.24663,2.2618,1649.53579,2.2053,1601.29517,2.1601,1695.7764
2.4419,1623.12778,2.4141,1630.72639,2.3666,1616.52918,2.3178,1653.99344,2.2603,1625.2718,2.2038,1576.81541,2.1586,1671.72819
2.4404,1601.32224,2.4126,1608.42362,2.3651,1595.22086,2.3163,1630.09873,2.2588,1599.54391,2.2023,1546.38169,2.1571,1650.70613
2.439,1592.76022,2.4112,1602.00511,2.3637,1584.51534,2.3149,1615.19527,2.2574,1585.66758,2.2009,1526.89531,2.1557,1642.43986
2.4375,1575.12707,2.4097,1589.62604,2.3622,1561.62811,2.3134,1587.30754,2.2559,1556.63892,2.1994,1500.82884,2.1542,1610.449
2.4361,1556.97301,2.4083,1573.66151,2.3608,1541.28452,2.312,1561.68608,2.2545,1528.28711,2.198,1476.08465,2.1528,1578.48956
2.4346,1521.31122,2.4068,1532.31811,2.3593,1511.30433,2.3105,1538.59894,2.253,1507.17017,2.1965,1456.81002,2.1513,1555.53032
2.4331,1505.71792,2.4053,1517.15896,2.3578,1495.27688,2.309,1519.54245,2.2515,1486.21606,2.195,1433.98878,2.1498,1536.44334
2.4317,1485.33437,2.4039,1498.17968,2.3564,1473.48905,2.3076,1493.3906,2.2501,1458.45075,2.1936,1406.38642,2.1484,1508.51508
2.4302,1472.08147,2.4024,1487.27823,2.3549,1457.8847,2.3061,1469.75216,2.2486,1434.7092,2.1921,1381.89652,2.1469,1485.52188
2.4288,1446.1556,2.401,1459.5903,2.3535,1433.7209,2.3047,1445.84879,2.2472,1411.02849,2.1907,1359.55117,2.1455,1460.50581
2.4274,1413.32864,2.3996,1422.75182,2.3521,1404.90545,2.3033,1421.60072,2.2458,1387.8969,2.1893,1335.36851,2.1441,1438.42528
2.4259,1386.27121,2.3981,1393.78561,2.3506,1379.75682,2.3018,1395.39235,2.2443,1363.14793,2.1878,1312.86263,2.1426,1411.43324
2.4244,1359.19766,2.3966,1364.57383,2.3491,1354.82148,2.3003,1372.52076,2.2428,1341.14895,2.1863,1292.88457,2.1411,1387.41334
2.423,1332.89076,2.3952,1336.69538,2.3477,1330.08615,2.2989,1347.21497,2.2414,1314.61271,2.1849,1268.79241,2.1397,1358.43301
2.4216,1313.00871,2.3938,1317.01685,2.3463,1310.00056,2.2975,1323.50089,2.24,1291.07061,2.1835,1243.72883,2.1383,1336.41239
2.4201,1296.99754,2.3923,1303.54877,2.3448,1291.44631,2.296,1299.4547,2.2385,1266.57438,2.182,1219.69585,2.1368,1311.45291
2.4187,1289.41815,2.3909,1301.42157,2.3434,1278.41472,2.2946,1277.12851,2.2371,1242.97863,2.1806,1196.52193,2.1354,1287.43534
2.4173,1271.65905,2.3895,1284.94202,2.342,1259.37607,2.2932,1254.31748,2.2357,1220.34485,2.1792,1174.25391,2.134,1264.4358
2.4158,1254.89931,2.388,1269.43716,2.3405,1241.36147,2.2917,1232.62337,2.2342,1198.86221,2.1777,1152.32537,2.1325,1243.39905
2.4144,1228.47834,2.3866,1240.07667,2.3391,1217.88002,2.2903,1211.54739,2.2328,1178.44624,2.1763,1131.55564,2.1311,1223.33684
2.413,1209.22327,2.3852,1221.42413,2.3377,1198.0224,2.2889,1189.44327,2.2314,1156.03459,2.1749,1108.71897,2.1297,1201.3502
2.4115,1195.89705,2.3837,1211.19852,2.3362,1181.59557,2.2874,1166.50617,2.2299,1132.45921,2.1734,1086.45672,2.1282,1176.46169
2.4101,1177.11443,2.3823,1193.25721,2.3348,1161.97164,2.286,1143.77101,2.2285,1109.67526,2.172,1064.86284,2.1268,1152.48769
2.4087,1161.68365,2.3809,1180.55433,2.3334,1143.81298,2.2846,1120.09944,2.2271,1085.9903,2.1706,1042.40227,2.1254,1127.57833
2.4073,1139.74738,2.3795,1158.18619,2.332,1122.30857,2.2832,1097.6451,2.2257,1064.07188,2.1692,1021.51571,2.124,1104.62805
2.4058,1115.47892,2.378,1131.80196,2.3305,1100.15588,2.2817,1077.16718,2.2242,1044.47697,2.1677,1003.25785,2.1225,1083.69609
2.4044,1099.30216,2.3766,1116.82608,2.3291,1082.77823,2.2803,1056.72879,2.2228,1023.92699,2.1663,983.1303,2.1211,1062.72368
2.403,1079.9651,2.3752,1097.42005,2.3277,1063.51015,2.2789,1035.8055,2.2214,1003.53037,2.1649,964.26185,2.1197,1040.79889
2.4016,1063.04383,2.3738,1081.83442,2.3263,1045.25325,2.2775,1014.47881,2.22,982.62952,2.1635,944.35578,2.1183,1018.90326
2.4002,1039.45946,2.3724,1057.21723,2.3249,1022.70169,2.2761,993.62109,2.2186,962.70686,2.1621,926.41316,2.1169,997.00056
2.3987,1021.1141,2.3709,1039.49455,2.3234,1003.73364,2.2746,973.42154,2.2171,943.60693,2.1606,908.11226,2.1154,977.1016
2.3973,999.98864,2.3695,1017.53182,2.322,983.44546,2.2732,953.63757,2.2157,925.32046,2.1592,891.47262,2.114,957.16829
2.3959,974.78494,2.3681,989.72997,2.3206,960.8399,2.2718,934.19459,2.2143,907.63173,2.1578,875.07003,2.1126,938.19344
2.3945,953.77155,2.3667,967.82327,2.3192,940.71982,2.2704,915.42604,2.2129,890.36955,2.1564,858.51163,2.1112,920.22746
2.3931,933.97198,2.3653,947.47349,2.3178,921.47047,2.269,897.03232,2.2115,873.50239,2.155,842.74873,2.1098,902.25606
2.3917,916.158,2.3639,930.0165,2.3164,903.29949,2.2676,878.59131,2.2101,856.60063,2.1536,826.87857,2.1084,884.3227
2.3903,899.14904,2.3625,913.67452,2.315,885.62356,2.2662,859.68193,2.2087,839.06442,2.1522,810.76322,2.107,865.36562
2.3889,879.83723,2.3611,893.80612,2.3136,866.86835,2.2648,841.06845,2.2073,822.14306,2.1508,794.87863,2.1056,847.40749
2.3875,859.77082,2.3597,872.61041,2.3122,847.93123,2.2634,823.41773,2.2059,805.86166,2.1494,779.29319,2.1042,830.43014
2.386,840.71844,2.3582,852.87172,2.3107,829.56516,2.2619,805.91868,2.2044,789.69635,2.1479,764.94701,2.1027,812.44568
2.3846,823.30385,2.3568,834.90192,2.3093,812.70577,2.2605,788.79859,2.203,773.88224,2.1465,750.29887,2.1013,795.46561
2.3833,808.57789,2.3555,821.12645,2.308,797.02934,2.2592,771.54633,2.2017,757.41291,2.1452,735.33099,2.1,777.49482
2.3819,794.29177,2.3541,807.80839,2.3066,781.77516,2.2578,754.71078,2.2003,741.43998,2.1438,720.32611,2.0986,760.55384
2.3805,781.84151,2.3527,797.07075,2.3052,767.61226,2.2564,738.59831,2.1989,726.22389,2.1424,705.85051,2.0972,744.59726
2.3791,767.6944,2.3513,784.0597,2.3038,752.3291,2.255,721.96699,2.1975,710.53074,2.141,691.39724,2.0958,727.66425
2.3777,750.14913,2.3499,766.02457,2.3024,735.2737,2.2536,705.28742,2.1961,694.89978,2.1396,677.10904,2.0944,710.69051
2.3763,735.99731,2.3485,752.29866,2.301,720.69597,2.2522,689.76995,2.1947,680.23143,2.1382,663.74561,2.093,694.71725
2.3749,722.6056,2.3471,739.6653,2.2996,706.5459,2.2508,674.67774,2.1933,666.02118,2.1368,650.31577,2.0916,679.72658
2.3735,707.47493,2.3457,724.73747,2.2982,691.2124,2.2494,659.21694,2.1919,651.49718,2.1354,637.24455,2.0902,663.74981
2.3721,692.04781,2.3443,709.6614,2.2968,675.43421,2.248,643.55402,2.1905,636.74502,2.134,623.70678,2.0888,647.78326
2.3707,676.8814,2.3429,694.4782,2.2954,660.28461,2.2466,628.63359,2.1891,623.14148,2.1326,610.47414,2.0874,633.80883
2.3694,661.7152,2.3416,679.5326,2.2941,644.8978,2.2453,613.08863,2.1878,608.73278,2.1313,596.65014,2.0861,618.81542
2.368,646.57548,2.3402,664.36274,2.2927,629.78822,2.2439,598.2314,2.1864,594.79174,2.1299,583.7443,2.0847,603.83918
2.3666,631.02649,2.3388,648.51325,2.2913,614.53974,2.2425,583.40486,2.185,580.69307,2.1285,570.53066,2.0833,588.85548
2.3652,616.24029,2.3374,633.75764,2.2899,599.72293,2.2411,568.75989,2.1836,567.01736,2.1271,558.1581,2.0819,573.87662
2.3638,603.05048,2.336,620.75024,2.2885,586.35072,2.2397,555.64587,2.1822,555.18184,2.1257,546.48626,2.0805,561.87742
2.3625,589.47466,2.3347,607.07483,2.2872,572.87448,2.2384,542.86761,2.1809,543.34951,2.1244,534.81607,2.0792,549.88294
2.3611,576.20647,2.3333,593.79074,2.2858,559.62221,2.237,530.19296,2.1795,531.8427,2.123,522.80831,2.0778,538.87709
2.3597,562.00641,2.3319,579.0907,2.2844,545.92211,2.2356,518.06123,2.1781,520.91654,2.1216,511.95091,2.0764,527.88217
2.3584,547.91973,2.3306,564.68487,2.2831,532.1546,2.2343,505.57305,2.1768,509.54482,2.1203,501.19548,2.0751,515.89415
2.357,535.16035,2.3292,551.89267,2.2817,519.42802,2.2329,493.72845,2.1754,498.21806,2.1189,490.53283,2.0737,503.9033
2.3556,522.81757,2.3278,539.78378,2.2803,506.85135,2.2315,481.87056,2.174,487.0952,2.1175,480.27408,2.0723,491.91631
2.3543,511.47729,2.3265,528.65114,2.279,495.30343,2.2302,471.137,2.1727,476.88774,2.1162,470.8377,2.071,480.93779
2.3529,499.40165,2.3251,516.43833,2.2776,483.36498,2.2288,460.53681,2.1713,467.14101,2.1148,461.35033,2.0696,470.93169
2.3515,487.03211,2.3237,503.60355,2.2762,471.46066,2.2274,449.99051,2.1699,457.26564,2.1134,451.59327,2.0682,460.93802
2.3502,474.82307,2.3224,491.08653,2.2749,459.5596,2.2261,439.19937,2.1686,447.05971,2.1121,442.152,2.0669,449.96742
2.3488,461.85905,2.321,477.47953,2.2735,447.23858,2.2247,428.49512,2.1672,436.7909,2.1107,432.60063,2.0655,438.98117
2.3475,450.57279,2.3197,466.1364,2.2722,436.00919,2.2234,418.01451,2.1659,426.70364,2.1094,423.40093,2.0642,428.00634
2.3461,438.70422,2.3183,453.78961,2.2708,424.61883,2.222,408.27974,2.1645,417.40167,2.108,414.77926,2.0628,418.02408
2.3448,427.36102,2.317,441.94301,2.2695,413.77904,2.2207,398.91427,2.1632,408.75734,2.1067,406.48978,2.0615,409.02489
2.3434,416.97878,2.3156,431.28939,2.2681,403.66818,2.2193,389.69975,2.1618,399.98319,2.1053,397.91882,2.0601,400.04756
2.342,406.98824,2.3142,421.06912,2.2667,393.90736,2.2179,380.53793,2.1604,391.25041,2.1039,389.42772,2.0587,391.07311
2.3407,396.52064,2.3129,410.13532,2.2654,383.90595,2.2166,371.49624,2.1591,382.7168,2.1026,381.33703,2.0574,382.09657
2.3393,386.32393,2.3115,399.33697,2.264,374.3109,2.2152,363.09615,2.1577,374.78919,2.1012,373.45647,2.056,374.12191
2.338,376.01319,2.3102,388.71909,2.2627,364.30728,2.2139,354.30097,2.1564,366.58821,2.0999,366.01799,2.0547,365.15843
2.3366,366.25048,2.3088,378.61274,2.2613,354.88822,2.2125,345.67877,2.155,358.33397,2.0985,358.47773,2.0533,356.1902
2.3353,356.76432,2.3075,368.64466,2.26,345.88398,2.2112,337.71154,2.1537,350.92293,2.0972,351.62529,2.052,348.22056
2.334,347.72042,2.3062,359.37271,2.2587,337.06813,2.2099,329.54179,2.1524,342.98923,2.0959,344.72003,2.0507,339.25843
2.3326,338.86373,2.3048,350.19437,2.2573,328.5331,2.2085,321.81542,2.151,335.60977,2.0945,337.93039,2.0493,331.28915
2.3313,330.27684,2.3035,341.38842,2.256,320.16527,2.2072,314.10305,2.1497,328.22331,2.0932,331.13118,2.048,323.31544
2.3299,321.63335,2.3021,332.31667,2.2546,311.95002,2.2058,306.63161,2.1483,320.94202,2.0918,324.53367,2.0466,315.35036
2.3286,312.12048,2.3008,322.09774,2.2533,303.14322,2.2045,299.22613,2.147,313.84117,2.0905,318.29858,2.0453,307.38375
2.3272,302.62919,2.2994,311.88959,2.2519,294.36878,2.2031,291.87176,2.1456,306.8042,2.0891,312.2011,2.0439,299.4073
2.3259,294.19109,2.2981,302.92054,2.2506,286.46163,2.2018,285.13678,2.1443,300.24748,2.0878,306.06462,2.0426,292.43034
2.3246,286.3059,2.2968,294.70295,2.2493,278.90885,2.2005,278.46135,2.143,293.93668,2.0865,300.43029,2.0413,285.44308
2.3232,278.82961,2.2954,287.1648,2.2479,271.49441,2.1991,271.25433,2.1416,286.69192,2.0851,293.91613,2.0399,277.4677
2.3219,271.58058,2.2941,279.74029,2.2466,264.42087,2.1978,264.58559,2.1403,280.11999,2.0838,287.74904,2.0386,270.49094
2.3206,264.85686,2.2928,273.05343,2.2453,257.66029,2.1965,257.91099,2.139,273.49173,2.0825,281.48271,2.0373,263.50075
2.3193,258.08458,2.2915,266.10479,2.244,251.06437,2.1952,251.74637,2.1377,267.52546,2.0812,275.54192,2.036,257.509
2.318,251.43105,2.2902,259.45302,2.2427,244.40907,2.1939,245.23801,2.1364,261.12952,2.0799,269.72329,2.0347,250.53574
2.3166,245.12705,2.2888,252.97602,2.2413,238.27807,2.1925,239.30749,2.135,255.21086,2.0785,263.86973,2.0333,244.55198
2.3153,239.32444,2.2875,247.22472,2.24,232.42416,2.1912,233.56446,2.1337,249.50208,2.0772,258.43595,2.032,238.56821
2.3139,233.47906,2.2861,241.45203,2.2386,226.50609,2.1898,227.47014,2.1323,243.13367,2.0758,252.67792,2.0306,231.58942
2.3126,227.68652,2.2848,235.70576,2.2373,220.66728,2.1885,221.75096,2.131,237.4547,2.0745,247.29502,2.0293,225.61439
2.3113,222.28928,2.2835,230.39464,2.236,215.18393,2.1872,216.34304,2.1297,231.9443,2.0732,242.25994,2.028,219.62867
2.31,216.61587,2.2822,224.47043,2.2347,209.7613,2.1859,211.28101,2.1284,226.89076,2.0719,237.14445,2.0267,214.63706
2.3087,210.40083,2.2809,218.03791,2.2334,203.76374,2.1846,205.81117,2.1271,221.37646,2.0706,232.08769,2.0254,208.66523
2.3074,204.81124,2.2796,212.15562,2.2321,198.46686,2.1833,200.94768,2.1258,216.5956,2.0693,227.50654,2.0241,203.68466
2.3061,199.10319,2.2783,206.2141,2.2308,192.99229,2.182,196.30362,2.1245,211.89302,2.068,223.08213,2.0228,198.70391
2.3048,193.23709,2.277,199.95605,2.2295,187.51814,2.1807,191.41022,2.1232,207.09928,2.0667,218.47819,2.0215,193.72036
2.3035,187.54255,2.2757,194.02127,2.2282,182.06382,2.1794,186.79814,2.1219,202.43667,2.0654,214.13914,2.0202,188.7342
2.3022,182.03462,2.2744,188.17981,2.2269,176.88943,2.1781,182.12805,2.1206,197.67706,2.0641,209.60145,2.0189,183.75268
2.3008,176.91252,2.273,183.00626,2.2255,171.81878,2.1767,177.62175,2.1192,193.09769,2.0627,205.41918,2.0175,178.77621
2.2995,172.36773,2.2717,178.35887,2.2242,167.3766,2.1754,173.60778,2.1179,189.10923,2.0614,201.4325,2.0162,174.78595
2.2982,167.80265,2.2704,173.70133,2.2229,162.90398,2.1741,169.29576,2.1166,184.5277,2.0601,197.25526,2.0149,169.80014
2.2969,163.18069,2.2691,169.01535,2.2216,158.34604,2.1728,164.84901,2.1153,179.99826,2.0588,193.17058,2.0136,164.82595
2.2956,158.5582,2.2678,164.0916,2.2203,154.0248,2.1715,161.026,2.114,176.0525,2.0575,189.26484,2.0123,160.84016
2.2943,154.32898,2.2665,159.60199,2.219,150.05597,2.1702,157.25943,2.1127,172.15279,2.0562,185.45866,2.011,156.84691
2.293,150.09496,2.2652,155.10998,2.2177,146.07995,2.1689,153.48149,2.1114,168.23887,2.0549,181.6249,2.0097,152.85283
2.2917,146.20716,2.2639,150.79108,2.2164,142.62324,2.1676,150.27354,2.1101,165.03743,2.0536,178.21722,2.0084,149.85763
2.2904,142.08365,2.2626,146.35432,2.2151,138.81297,2.1663,146.50732,2.1088,161.13815,2.0523,174.39879,2.0071,145.8775
2.2891,138.25669,2.2613,142.30335,2.2138,135.21004,2.165,143.06848,2.1075,157.42761,2.051,170.96103,2.0058,141.89418
2.2878,134.63949,2.26,138.35724,2.2125,131.92173,2.1637,139.87642,2.1062,154.22152,2.0497,167.5401,2.0045,138.90294
2.2866,131.37606,2.2588,135.06303,2.2113,128.68909,2.1625,136.52224,2.105,150.5678,2.0485,164.21289,2.0033,134.92271
2.2853,127.49424,2.2575,130.74712,2.21,125.24136,2.1612,133.32847,2.1037,147.38408,2.0472,160.83228,2.002,131.93589
2.284,124.26416,2.2562,127.46958,2.2087,122.05874,2.1599,130.30327,2.1024,144.36208,2.0459,157.7672,2.0007,128.95697
2.2826,121.22407,2.2548,124.04953,2.2073,119.3986,2.1585,127.85306,2.101,141.83832,2.0445,154.70821,1.9993,126.96843
2.2814,118.28191,2.2536,121.15346,2.2061,116.41037,2.1573,124.88479,2.0998,138.86299,2.0433,151.74649,1.9981,123.97948
2.2801,115.30438,2.2523,118.23969,2.2048,113.36907,2.156,122.08275,2.0985,135.87493,2.042,148.75004,1.9968,120.99983
2.2788,112.44087,2.251,115.38293,2.2035,110.4988,2.1547,119.30074,2.0972,132.91192,2.0407,145.81662,1.9955,118.00722
2.2775,109.11567,2.2497,111.82033,2.2022,107.411,2.1534,116.42527,2.0959,129.85658,2.0394,142.70538,1.9942,115.00779
2.2762,105.98824,2.2484,108.59412,2.2009,104.38237,2.1521,113.64321,2.0946,126.91801,2.0381,139.83001,1.9929,112.00602
2.275,103.17981,2.2472,105.7649,2.1997,101.59471,2.1509,110.99165,2.0934,124.14257,2.0369,137.2804,1.9917,109.00473
2.2737,100.24582,2.2459,102.63541,2.1984,98.85623,2.1496,108.41772,2.0921,121.24366,2.0356,134.48339,1.9904,106.00392
2.2724,97.25174,2.2446,99.47587,2.1971,96.02761,2.1483,105.70149,2.0908,118.38736,2.0343,131.76982,1.9891,103.00489
2.2711,94.5398,2.2433,96.6949,2.1958,93.3847,2.147,103.02848,2.0895,115.5606,2.033,129.11492,1.9878,100.00629
2.2699,91.46926,2.2421,93.25963,2.1946,90.67889,2.1458,100.50614,2.0883,112.75067,2.0318,126.49452,1.9866,97.00682
2.2686,88.82654,2.2408,90.27577,2.1933,88.37731,2.1445,98.37208,2.087,110.6221,2.0305,124.24638,1.9853,94.99781
2.2673,86.43844,2.2395,87.89422,2.192,85.98265,2.1432,96.09103,2.0857,108.06479,2.0292,122.12788,1.984,92.0017
2.2661,83.79154,2.2383,85.14577,2.1908,83.43731,2.142,93.57207,2.0845,105.45509,2.028,119.90665,1.9828,89.00352
2.2648,81.22223,2.237,82.19862,2.1895,81.24585,2.1407,91.61187,2.0832,103.32334,2.0267,117.6509,1.9815,86.99578
2.2635,78.84684,2.2357,79.82342,2.1882,78.87027,2.1394,89.11095,2.0819,100.71169,2.0254,115.42256,1.9802,84.00081
2.2622,77.01745,2.2344,77.95873,2.1869,77.07618,2.1381,87.27817,2.0806,98.69022,2.0241,113.38657,1.9789,81.99387
2.261,74.85615,2.2332,75.69058,2.1857,75.02173,2.1369,85.28431,2.0794,96.71239,2.0229,111.43631,1.9777,79.98848
2.2597,72.70233,2.2319,73.42617,2.1844,72.9785,2.1356,83.30815,2.0781,94.75669,2.0216,109.52993,1.9764,77.98346
2.2584,71.12891,2.2306,71.92695,2.1831,71.33086,2.1343,81.45662,2.0768,92.93228,2.0203,107.88576,1.9751,75.9788
2.2572,69.24644,2.2294,70.03572,2.1819,69.45716,2.1331,79.49815,2.0756,90.97419,2.0191,105.97387,1.9739,73.9745
2.2559,67.57415,2.2281,68.24957,2.1806,67.89872,2.1318,78.03745,2.0743,89.63832,2.0178,104.31715,1.9726,72.95948
2.2547,66.02992,2.2269,66.76496,2.1794,66.29489,2.1306,76.25508,2.0731,87.65535,2.0166,102.35374,1.9714,70.95696
2.2534,64.49113,2.2256,65.04556,2.1781,64.93669,2.1293,75.11056,2.0718,86.2737,2.0153,100.6037,1.9701,69.94371
2.2522,62.65793,2.2244,63.17896,2.1769,63.13689,2.1281,73.26878,2.0706,84.24097,2.0141,98.54218,1.9689,67.93977
2.2509,61.27088,2.2231,61.77294,2.1756,61.76882,2.1268,72.10867,2.0693,83.06033,2.0128,97.19245,1.9676,66.92822
2.2497,60.02126,2.2219,60.43563,2.1744,60.60689,2.1256,71.02404,2.0681,81.72905,2.0116,95.54213,1.9664,65.91597
2.2484,58.52956,2.2206,58.73978,2.1731,59.31934,2.1243,69.74106,2.0668,80.39482,2.0103,93.8856,1.9651,64.90404
2.2472,57.41054,2.2194,57.70527,2.1719,58.11581,2.1231,68.59075,2.0656,79.20194,2.0091,92.51144,1.9639,63.89244
2.2459,55.66178,2.2181,55.88089,2.1706,56.44266,2.1218,66.94894,2.0643,77.19868,2.0078,90.50621,1.9626,61.89114
2.2447,54.44687,2.2169,54.56093,2.1694,55.3328,2.1206,65.94652,2.0631,75.99465,2.0066,89.10915,1.9614,60.88016
2.2434,52.62507,2.2156,52.70004,2.1681,53.55011,2.1193,64.13174,2.0618,73.99568,2.0053,87.11094,1.9601,58.88042
2.2422,51.17933,2.2144,51.26466,2.1669,52.09399,2.1181,62.58262,2.0606,72.10827,2.0041,85.33651,1.9589,56.88003
2.2409,49.40998,2.2131,49.19249,2.1656,50.62748,2.1168,61.26707,2.0593,70.75784,2.0028,83.64573,1.9576,55.86994
2.2397,47.61003,2.2119,47.34252,2.1644,48.87755,2.1156,59.50402,2.0581,68.82353,2.0016,81.77602,1.9564,53.87103
2.2385,46.3665,2.2107,46.00825,2.1632,47.72474,2.1144,58.18381,2.0569,67.66326,2.0004,80.46501,1.9552,52.86151
2.2372,44.93755,2.2094,44.58127,2.1619,46.29382,2.1131,56.42445,2.0556,65.70907,1.9991,78.55587,1.9539,50.86226
2.236,43.45617,2.2082,42.89059,2.1607,45.02176,2.1119,55.16594,2.0544,64.40542,1.9979,76.95754,1.9527,49.8533
2.2347,42.03313,2.2069,41.46656,2.1594,43.59969,2.1106,53.42056,2.0531,62.46871,1.9966,75.08195,1.9514,47.85546
2.2335,40.81348,2.2057,40.14424,2.1582,42.48272,2.1094,52.15693,2.0519,61.13417,1.9954,73.4213,1.9502,46.84704
2.2322,39.31376,2.2044,38.68188,2.1569,40.94564,2.1081,50.47997,2.0506,59.30746,1.9941,71.76603,1.9489,44.84888
2.231,38.28077,2.2032,37.45288,2.1557,40.10865,2.1069,49.4084,2.0494,57.9925,1.9929,70.1432,1.9477,43.8418
2.2298,37.01126,2.202,36.10563,2.1545,38.9169,2.1057,48.27668,2.0482,56.84735,1.9917,68.85974,1.9465,42.83495
2.2286,36.19215,2.2008,35.22108,2.1533,38.16323,2.1045,47.33668,2.047,55.69685,1.9905,67.56615,1.9453,41.82755
2.2273,35.05721,2.1995,34.17861,2.152,36.93582,2.1032,45.89867,2.0457,53.92383,1.9892,66.01648,1.944,39.83118
2.2261,34.41126,2.1983,33.61813,2.1508,36.20439,2.102,44.99377,2.0445,52.79272,1.988,64.76116,1.9428,38.82427
2.2249,33.44062,2.1971,32.65781,2.1496,35.22344,2.1008,43.9449,2.0433,51.72662,1.9868,63.63413,1.9416,37.81912
2.2236,32.6346,2.1958,31.7798,2.1483,34.4894,2.0995,43.03589,2.042,50.61486,1.9855,62.41704,1.9403,36.81268
2.2224,31.9302,2.1946,30.9526,2.1471,33.9078,2.0983,42.61757,2.0408,50.11646,1.9843,61.43645,1.9391,36.79648
2.2212,31.02073,2.1934,30.02287,2.1459,33.0186,2.0971,41.71358,2.0396,49.01098,1.9831,60.23,1.9379,35.79196
2.22,30.21372,2.1922,29.14436,2.1447,32.28309,2.0959,40.80224,2.0384,47.8963,1.9819,59.0064,1.9367,34.7862
2.2188,29.78847,2.191,28.93174,2.1435,31.64521,2.0947,40.04507,2.0372,46.94984,1.9807,58.11829,1.9355,33.78138
2.2175,29.02956,2.1897,28.07728,2.1422,30.98184,2.0934,39.49764,2.0359,46.51055,1.9794,57.25433,1.9342,33.76676
2.2163,28.71378,2.1885,27.91939,2.141,30.50818,2.0922,38.74975,2.0347,45.57569,1.9782,56.38903,1.933,32.76235
2.2151,28.07551,2.1873,27.36275,2.1398,29.78826,2.091,37.86305,2.0335,44.46731,1.977,55.17715,1.9318,31.75747
2.2139,27.40276,2.1861,26.78888,2.1386,29.01664,2.0898,36.89469,2.0323,43.50187,1.9758,54.24961,1.9306,30.75412
2.2127,26.68141,2.1849,25.9532,2.1374,28.40961,2.0886,36.43623,2.0311,42.95329,1.9746,53.16693,1.9294,30.73965
2.2115,26.25467,2.1837,25.73984,2.1362,27.76951,2.0874,35.42554,2.0299,41.91042,1.9734,52.08482,1.9282,29.73603
2.2103,25.53704,2.1825,24.90602,2.135,27.16805,2.0862,34.97587,2.0287,41.37284,1.9722,51.02308,1.927,29.7226
2.2091,24.54152,2.1813,23.93326,2.1338,26.14978,2.085,33.86808,2.0275,40.2331,1.971,49.74684,1.9258,28.71935
2.2079,24.42452,2.1801,23.87476,2.1326,25.97428,2.0838,33.59097,2.0263,39.88671,1.9698,49.06713,1.9246,28.7063
2.2066,23.65092,2.1788,23.01296,2.1313,25.28888,2.0825,33.00875,2.025,39.40394,1.9685,48.11447,1.9233,28.69342
2.2054,23.11337,2.1776,22.50669,2.1301,24.72006,2.0813,32.11062,2.0238,38.28127,1.9673,46.87183,1.9221,27.69072
2.2042,22.34495,2.1764,21.64748,2.1289,24.04243,2.0801,31.54068,2.0226,37.81385,1.9661,45.9489,1.9209,27.67879
2.203,21.49169,2.1752,20.74584,2.1277,23.23753,2.0789,30.51979,2.0214,36.53774,1.9649,44.39904,1.9197,26.67643
2.2018,20.95869,2.174,20.24184,2.1265,22.67553,2.0777,29.63241,2.0202,35.42852,1.9637,43.18279,1.9185,25.67425
2.2006,20.26995,2.1728,19.42248,2.1253,22.11743,2.0765,29.2512,2.019,34.9765,1.9625,42.29076,1.9173,25.66223
2.1994,19.6942,2.1716,18.6596,2.1241,21.7288,2.0753,28.88759,2.0178,34.54648,1.9613,41.44258,1.9161,25.65038
2.1982,19.06847,2.1704,18.10923,2.1229,21.0277,2.0741,28.03058,2.0166,33.47522,1.9601,40.30174,1.9149,24.6487
2.197,18.49646,2.1692,17.58573,2.1217,20.40719,2.0729,27.30082,2.0154,32.58753,1.9589,39.52733,1.9137,23.64773
2.1958,18.09966,2.168,17.14983,2.1205,20.04949,2.0717,26.98603,2.0142,32.19404,1.9577,38.75173,1.9125,23.63636
2.1946,17.80574,2.1668,17.00287,2.1193,19.60861,2.0705,26.2899,2.013,31.32388,1.9565,38.01208,1.9113,22.63568
2.1934,16.70734,2.1656,15.97867,2.1181,18.43602,2.0693,24.93845,2.0118,29.65906,1.9553,36.67351,1.9101,20.64462
2.1923,16.40963,2.1645,15.82982,2.117,17.98945,2.0682,24.23333,2.0107,28.77767,1.9542,35.91163,1.909,19.64371
2.1911,15.53346,2.1633,14.91673,2.1158,17.15019,2.067,23.4082,2.0095,27.77075,1.953,34.89803,1.9078,18.64346
2.1899,15.1876,2.1621,14.5063,2.1146,16.8689,2.0658,23.21406,2.0083,27.55257,1.9518,34.47229,1.9066,18.63285
2.1887,14.30616,2.1609,13.59058,2.1134,16.02174,2.0646,22.37643,2.0071,26.53004,1.9506,33.42771,1.9054,17.63238
2.1875,13.43042,2.1597,12.67771,2.1122,15.18314,2.0634,21.55232,2.0059,25.5244,1.9494,32.41625,1.9042,16.63255
2.1863,13.06462,2.1585,12.49481,2.111,14.63442,2.0622,20.68593,2.0047,24.66192,1.9482,31.69147,1.903,15.63236
2.1851,12.19631,2.1573,11.58566,2.1098,13.80697,2.061,19.87943,2.0035,23.67828,1.947,30.72377,1.9018,14.63279
2.1839,12.05458,2.1561,11.51479,2.1086,13.59438,2.0598,19.54375,2.0023,23.47919,1.9458,30.33502,1.9006,14.62335
2.1828,11.39661,2.155,10.71081,2.1075,13.08242,2.0587,19.2354,2.0012,23.11825,1.9447,29.62293,1.8995,14.61358
2.1816,11.0419,2.1538,10.53345,2.1063,12.55036,2.0575,18.3953,2,22.28862,1.9435,28.96286,1.8983,13.61439
2.1804,10.59914,2.1526,10.07457,2.1051,12.12371,2.0563,18.22165,1.9988,22.09606,1.9423,28.58724,1.8971,13.60487
2.1792,10.54215,2.1514,10.04608,2.1039,12.03823,2.0551,18.08668,1.9976,21.92734,1.9411,28.25875,1.8959,13.59594
2.178,10.13541,2.1502,9.60521,2.1027,11.66562,2.0539,17.74835,1.9964,21.74943,1.9399,27.91175,1.8947,13.58712
2.1769,10.07239,2.1491,9.57369,2.1016,11.57108,2.0528,17.59908,1.9953,21.56285,1.9388,27.54772,1.8936,13.57798
2.1757,9.90398,2.1479,9.48949,2.1004,11.31846,2.0516,16.95021,1.9941,20.75176,1.9376,26.92412,1.8924,12.5794
2.1745,9.82374,2.1467,9.2466,2.0992,11.40088,2.0504,17.04379,1.9929,21.08565,1.9364,26.61038,1.8912,13.56093
2.1733,9.20619,2.1455,8.44633,2.098,10.96605,2.0492,16.87457,1.9917,20.92483,1.9352,26.29708,1.89,13.55257
2.1722,9.04065,2.1444,8.27042,2.0969,10.81088,2.0481,16.7276,1.9906,20.75073,1.9341,25.95712,1.8889,13.54433
2.171,9.00457,2.1432,8.21433,2.0957,10.79482,2.0469,16.4923,1.9894,20.43603,1.9329,25.33627,1.8877,13.53579
2.1698,9.53932,2.142,9.18095,2.0945,10.89769,2.0457,15.91868,1.9882,19.64687,1.9317,24.75557,1.8865,12.53816
2.1687,8.69313,2.1409,8.01271,2.0934,10.37355,2.0446,15.62546,1.9871,19.33271,1.9306,24.13558,1.8854,12.52985
2.1675,8.86319,2.1397,8.39259,2.0922,10.33379,2.0434,15.25231,1.9859,19.03186,1.9294,23.5413,1.8842,12.52242
2.1663,8.11374,2.1385,7.60031,2.091,9.62716,2.0422,14.57611,1.9847,18.22968,1.9282,22.93504,1.883,11.52432
2.1652,7.88159,2.1374,7.36329,2.0899,9.39988,2.0411,14.34455,1.9836,17.92821,1.9271,22.33094,1.8819,11.52549
2.164,8.14992,2.1362,7.77537,2.0887,9.52448,2.0399,14.24875,1.9824,17.77979,1.9259,22.0416,1.8807,11.51797
2.1628,7.95182,2.135,7.77193,2.0875,9.1317,2.0387,13.52792,1.9812,16.84439,1.9247,21.16194,1.8795,10.52684
2.1617,7.58465,2.1339,7.30981,2.0864,8.8595,2.0376,13.39132,1.9801,16.70238,1.9236,20.88225,1.8784,10.5225
2.1605,6.93091,2.1327,6.8018,2.0852,8.06003,2.0364,12.56968,1.9789,15.91451,1.9224,20.30256,1.8772,9.52646
2.1594,6.44373,2.1316,6.35873,2.0841,7.52873,2.0353,11.94076,1.9778,15.14894,1.9213,19.76939,1.8761,8.52849
2.1582,6.75978,2.1304,6.83197,2.0829,7.68759,2.0341,11.8598,1.9766,15.01522,1.9201,19.50498,1.8749,8.52546
2.157,6.49911,2.1292,6.73227,2.0817,7.26595,2.0329,11.4118,1.9754,14.23156,1.9189,18.93214,1.8737,7.53099
2.1559,6.21877,2.1281,6.38384,2.0806,7.05371,2.0318,11.29591,1.9743,14.10818,1.9178,18.68865,1.8726,7.52771
2.1547,5.7691,2.1269,5.93882,2.0794,6.59939,2.0306,10.56034,1.9731,13.18693,1.9166,17.84104,1.8714,6.53282
2.1536,5.84908,2.1258,6.02255,2.0783,6.67561,2.0295,10.63463,1.972,13.05478,1.9155,17.58227,1.8703,6.52729
2.1524,5.64818,2.1246,5.78521,2.0771,6.51115,2.0283,10.51906,1.9708,12.92444,1.9143,17.33032,1.8691,6.51856
2.1513,5.423,2.1235,5.58194,2.076,6.26406,2.0272,9.97436,1.9697,12.00792,1.9132,16.48899,1.868,5.52685
2.1501,5.03696,2.1223,5.08826,2.0748,5.98565,2.026,9.85126,1.9685,11.88506,1.912,16.24825,1.8668,5.52186
2.149,5.12264,2.1212,5.11139,2.0737,6.13389,2.0249,9.92734,1.9674,11.7617,1.9109,16.00777,1.8657,5.51563
2.1478,5.30271,2.12,5.59205,2.0725,6.01337,2.0237,9.34662,1.9662,10.99549,1.9097,15.46953,1.8645,4.52146
2.1467,4.88751,2.1189,4.85003,2.0714,5.925,2.0226,9.10846,1.9651,10.72842,1.9086,14.93102,1.8634,4.52582
2.1455,5.0237,2.1177,5.18279,2.0702,5.86461,2.0214,9.04707,1.9639,10.62438,1.9074,14.72433,1.8622,4.52444
2.1444,4.83239,2.1166,5.10697,2.0691,5.55782,2.0203,8.26318,1.9628,9.86298,1.9063,14.1943,1.8611,3.53166
2.1432,4.81297,2.1154,5.10552,2.0679,5.52042,2.0191,8.17454,1.9616,9.75133,1.9051,13.97551,1.8599,3.52715
2.1421,4.33213,2.1143,4.54191,2.0668,5.12236,2.018,7.87754,1.9605,9.63392,1.904,13.74298,1.8588,3.52487
2.141,4.00224,2.1132,4.43585,2.0657,4.56863,2.0169,7.28145,1.9594,8.88273,1.9029,13.23376,1.8577,2.53171
2.1398,3.49859,2.112,3.69253,2.0645,4.30466,2.0157,7.15223,1.9582,8.77191,1.9017,13.01584,1.8565,2.52797
2.1387,3.36394,2.1109,3.53207,2.0634,4.19581,2.0146,6.87476,1.9571,8.65517,1.9006,12.79227,1.8554,2.51807
2.1375,3.50006,2.1097,3.56207,2.0622,4.43805,2.0134,6.68526,1.9559,8.39772,1.8994,12.28295,1.8542,2.5125
2.1364,4.27946,2.1086,4.65102,2.0611,4.90789,2.0123,6.66035,1.9548,8.29446,1.8983,12.0782,1.8531,2.51073
2.1353,3.5258,2.1075,3.76654,2.06,4.28505,2.0112,6.36293,1.9537,8.19555,1.8972,11.88516,1.852,2.50593
2.1342,3.97452,2.1064,4.52325,2.0589,4.42579,2.0101,6.31557,1.9526,8.08143,1.8961,11.66849,1.8509,2.49436
2.133,3.32944,2.1052,3.54566,2.0577,4.11321,2.0089,6.07134,1.9514,7.81922,1.8949,11.15013,1.8497,2.48831
2.1319,3.58317,2.1041,3.78908,2.0566,4.37726,2.0078,6.17911,1.9503,7.72141,1.8938,10.96142,1.8486,2.48141
2.1308,3.45358,2.103,3.7647,2.0555,4.14246,2.0067,6.00215,1.9492,7.47154,1.8927,10.46297,1.8475,2.48011
2.1296,3.62986,2.1018,4.18595,2.0543,4.07376,2.0055,5.95543,1.948,7.37878,1.8915,10.27914,1.8463,2.47842
2.1285,3.38702,2.1007,3.786,2.0532,3.98805,2.0044,6.02344,1.9469,7.27202,1.8904,10.06683,1.8452,2.47722
2.1274,2.95113,2.0996,3.14941,2.0521,3.75285,2.0033,5.3033,1.9458,6.39053,1.8893,9.29512,1.8441,1.48595
2.1263,2.52948,2.0985,2.50161,2.051,3.55736,2.0022,5.08668,1.9447,6.14033,1.8882,8.79532,1.843,1.48534
2.1251,2.86305,2.0973,2.9836,2.0498,3.7425,2.001,5.03933,1.9435,6.04863,1.887,8.61883,1.8418,1.47843
2.124,2.79528,2.0962,2.98036,2.0487,3.61021,1.9999,4.96676,1.9424,5.95475,1.8859,8.437,1.8407,1.47251
2.1229,2.05963,2.0951,2.16677,2.0476,2.95249,1.9988,4.23985,1.9413,5.06761,1.8848,7.65504,1.8396,0.48018
2.1218,2.34924,2.094,2.32888,2.0465,3.36959,1.9977,4.17158,1.9402,4.98049,1.8837,7.48195,1.8385,0.47902
2.1206,2.32985,2.0928,2.36294,2.0453,3.29676,1.9965,4.11003,1.939,4.89903,1.8825,7.31998,1.8373,0.47808
2.1195,2.04217,2.0917,2.0822,2.0442,3.00213,1.9954,4.0321,1.9379,4.81575,1.8814,7.15572,1.8362,0.47577
2.1184,2.697,2.0906,2.79394,2.0431,3.60006,1.9943,4.61012,1.9368,5.52312,1.8803,7.58708,1.8351,1.45917
2.1173,2.29822,2.0895,2.29389,2.042,3.30254,1.9932,4.34154,1.9357,5.43891,1.8792,7.42467,1.834,1.45316
2.1162,2.161,2.0884,2.20557,2.0409,3.11642,1.9921,4.79599,1.9346,6.00901,1.8781,7.58205,1.8329,2.43597
2.115,2.35969,2.0872,2.69554,2.0397,3.02385,1.9909,4.58395,1.9334,5.92416,1.8769,7.41918,1.8317,2.42915
2.1139,2.03352,2.0861,2.23553,2.0386,2.8315,1.9898,4.50017,1.9323,5.85006,1.8758,7.27334,1.8306,2.42679
2.1128,2.59492,2.085,2.7809,2.0375,3.40893,1.9887,4.45885,1.9312,5.77111,1.8747,7.11614,1.8295,2.42609
2.1117,2.9014,2.0839,2.95397,2.0364,3.84882,1.9876,4.49811,1.9301,5.70074,1.8736,6.97848,1.8284,2.423
2.1106,2.2086,2.0828,2.37834,2.0353,3.03887,1.9865,4.05841,1.929,5.1639,1.8725,6.37266,1.8273,1.95513
2.1095,1.91939,2.0817,1.91053,2.0342,2.92824,1.9854,4.71007,1.9279,5.7417,1.8714,6.52763,1.8262,2.95576
2.1084,2.21143,2.0806,2.31821,2.0331,3.10464,1.9843,3.99516,1.9268,5.02639,1.8703,6.07549,1.8251,1.97728
2.1073,1.87048,2.0795,1.91024,2.032,2.83072,1.9832,3.8626,1.9257,4.67767,1.8692,5.56374,1.824,1.7916
2.1062,1.84591,2.0784,1.89795,2.0309,2.79386,1.9821,4.01771,1.9246,4.85785,1.8681,5.53001,1.8229,2.18568
2.1051,1.98073,2.0773,2.00653,2.0298,2.95493,1.981,4.80034,1.9235,5.85492,1.867,6.13942,1.8218,3.57042
2.104,1.42134,2.0762,1.43401,2.0287,2.40867,1.9799,3.78367,1.9224,4.80756,1.8659,5.26174,1.8207,2.35339
2.1029,2.60039,2.0751,2.59562,2.0276,3.60516,1.9788,5.37027,1.9213,6.63987,1.8648,6.54055,1.8196,4.73919
2.1018,1.96352,2.074,1.84709,2.0265,3.07995,1.9777,4.26578,1.9202,5.12548,1.8637,5.31123,1.8185,2.93972
2.1007,2.73503,2.0729,2.76865,2.0254,3.70142,1.9766,5.20817,1.9191,6.04113,1.8626,5.9016,1.8174,4.18065
2.0996,2.67491,2.0718,2.68016,2.0243,3.66967,1.9755,5.00572,1.918,5.76789,1.8615,5.60155,1.8163,3.93424
2.0985,3.08129,2.0707,3.09486,2.0232,4.06772,1.9744,5.43914,1.9169,6.40929,1.8604,6.00749,1.8152,4.81108
2.0974,3.04515,2.0696,3.07121,2.0221,4.0191,1.9733,5.21634,1.9158,6.3218,1.8593,5.85832,1.8141,4.78529
2.0963,3.2247,2.0685,3.22688,2.021,4.22252,1.9722,5.44083,1.9147,6.47748,1.8582,5.89947,1.813,5.05549
2.0952,2.85187,2.0674,2.81856,2.0199,3.88519,1.9711,4.8902,1.9136,5.66671,1.8571,5.20787,1.8119,4.12555
2.0941,2.86118,2.0663,2.89038,2.0188,3.83199,1.97,4.7597,1.9125,5.82304,1.856,5.2433,1.8108,4.40278
2.093,2.36016,2.0652,2.32591,2.0177,3.39441,1.9689,4.26866,1.9114,5.50466,1.8549,4.92714,1.8097,4.08218
2.0919,2.44159,2.0641,2.41147,2.0166,3.47171,1.9678,4.38348,1.9103,5.58914,1.8538,4.91721,1.8086,4.26108
2.0908,2.50003,2.063,2.4629,2.0155,3.53716,1.9667,4.66673,1.9092,5.58884,1.8527,4.82645,1.8075,4.35123
2.0897,2.09987,2.0619,1.95108,2.0144,3.24867,1.9656,4.46886,1.9081,5.28853,1.8516,4.53243,1.8064,4.04464
2.0887,2.00611,2.0609,1.84703,2.0134,3.16518,1.9646,4.2736,1.9071,5.03929,1.8506,4.27559,1.8054,3.80299
2.0876,2.42391,2.0598,2.41791,2.0123,3.42991,1.9635,4.40091,1.906,5.28107,1.8495,4.38756,1.8043,4.17458
2.0865,1.40297,2.0587,1.21058,2.0112,2.59535,1.9624,3.72156,1.9049,4.54326,1.8484,3.76963,1.8032,3.31688
2.0854,1.53566,2.0576,1.24141,2.0101,2.82991,1.9613,4.18949,1.9038,4.67228,1.8473,3.79041,1.8021,3.55415
2.0843,1.79146,2.0565,1.61723,2.009,2.96569,1.9602,4.23431,1.9027,4.77309,1.8462,3.79103,1.801,3.75515
2.0832,2.26717,2.0554,2.40422,2.0079,3.13012,1.9591,3.72021,1.9016,4.21808,1.8451,3.31041,,
2.0821,2.24068,2.0543,2.18736,2.0068,3.294,1.958,4.5528,1.9005,5.17222,1.844,3.95323,,
2.0811,2.5889,2.0533,2.76776,2.0058,3.41004,1.957,4.27362,1.8995,4.6926,1.843,3.52286,,
2.08,2.13477,2.0522,2.24784,2.0047,3.0217,1.9559,4.14416,1.8984,5.0518,1.8419,3.72121,,
2.0789,1.95062,2.0511,2.12775,2.0036,2.77348,1.9548,3.54827,1.8973,4.52176,1.8408,3.26713,,
2.0778,2.41866,2.05,2.74721,2.0025,3.09011,1.9537,3.85657,1.8962,4.8176,1.8397,3.41671,,
2.0768,2.80822,2.049,3.21959,2.0015,3.39686,1.9527,4.04592,1.8952,4.57687,1.8387,3.17075,,
2.0757,3.09445,2.0479,3.34725,2.0004,3.84165,1.9516,5.01294,1.8941,5.39762,1.8376,3.71851,,
2.0746,2.92264,2.0468,3.18234,1.9993,3.66294,1.9505,4.77638,1.893,5.67759,1.8365,3.8571,,
2.0735,2.77531,2.0457,2.99766,1.9982,3.55296,1.9494,4.70333,1.8919,5.92619,1.8354,3.98695,,
2.0725,3.13349,2.0447,3.37398,1.9972,3.89301,1.9484,4.7486,1.8909,5.4786,1.8344,3.58587,,
2.0714,3.16385,2.0436,3.43994,1.9961,3.88776,1.9473,4.6072,1.8898,5.49573,1.8333,3.53714,,
2.0703,2.80362,2.0425,3.0097,1.995,3.59753,1.9462,4.33466,1.8887,5.31666,1.8322,3.36008,,
2.0692,2.56784,2.0414,2.77199,1.9939,3.36368,1.9451,3.7857,1.8876,4.8115,1.8311,2.92461,,
2.0682,2.4696,2.0404,2.66123,1.9929,3.27798,1.9441,3.55008,1.8866,4.41119,1.8301,2.56467,,
2.0671,2.04115,2.0393,2.13988,1.9918,2.94241,1.943,3.20671,1.8855,3.79734,1.829,2.05285,,
2.0661,2.34415,2.0383,2.50302,1.9908,3.18528,1.942,3.49989,1.8845,3.96786,1.828,2.12592,,
2.065,2.0099,2.0372,2.12743,1.9897,2.89236,1.9409,3.57436,1.8834,4.23067,1.8269,2.26822,,
2.0639,2.36089,2.0361,2.52061,1.9886,3.20117,1.9398,4.24847,1.8823,4.97526,1.8258,2.76879,,
2.0629,2.76447,2.0351,3.08803,1.9876,3.44091,1.9388,4.27688,1.8813,4.84234,1.8248,2.60886,,
2.0618,2.34657,2.034,2.54386,1.9865,3.14928,1.9377,4.18988,1.8802,4.66828,1.8237,2.42528,,
2.0607,3.11093,2.0329,3.43762,1.9854,3.78424,1.9366,4.88117,1.8791,5.44158,1.8226,2.94643,,
2.0597,2.97753,2.0319,3.30578,1.9844,3.64928,1.9356,4.63107,1.8781,5.11508,1.8216,2.65069,,
2.0586,3.36006,2.0308,3.70268,1.9833,4.01745,1.9345,5.13457,1.877,5.71306,1.8205,3.02449,,
2.0576,3.16998,2.0298,3.33682,1.9823,4.00314,1.9335,5.23851,1.876,5.84339,1.8195,3.06882,,
2.0565,3.35592,2.0287,3.59474,1.9812,4.11711,1.9324,5.08167,1.8749,5.62006,1.8184,2.84495,,
2.0554,3.10981,2.0276,3.42831,1.9801,3.7913,1.9313,4.33671,1.8738,4.78709,1.8173,2.16514,,
2.0544,3.27712,2.0266,3.74998,1.9791,3.80426,1.9303,4.04699,1.8728,4.39449,1.8163,1.82139,,
2.0534,2.78393,2.0256,3.25899,1.9781,3.30887,1.9293,3.32423,1.8718,3.44635,1.8153,1.06953,,
2.0523,2.8314,2.0245,3.29351,1.977,3.36928,1.9282,3.69177,1.8707,3.91793,1.8142,1.36946,,
2.0512,2.91412,2.0234,3.38526,1.9759,3.44298,1.9271,4.44565,1.8696,4.96826,1.8131,2.10789,,
2.0502,2.8364,2.0224,3.4366,1.9749,3.23621,1.9261,4.18569,1.8686,4.62439,1.8121,1.79785,,
2.0491,3.06531,2.0213,3.78368,1.9738,3.34693,1.925,4.29832,1.8675,4.77341,1.811,1.86726,,
2.0481,2.37065,2.0203,2.93104,1.9728,2.81026,1.924,4.13442,1.8665,4.59146,1.81,1.68962,,
2.047,1.19176,2.0192,1.60365,1.9717,1.77987,1.9229,3.13398,1.8654,3.40723,1.8089,0.77176,,
2.046,1.60237,2.0182,2.10924,1.9707,2.0955,1.9219,3.63078,1.8644,4.08379,1.8079,1.23014,,
2.045,1.67834,2.0172,2.40401,1.9697,1.95266,1.9209,2.94049,1.8634,3.19708,1.8069,0.52923,,
2.0439,1.85994,2.0161,2.58399,1.9686,2.13589,1.9198,2.90289,1.8623,3.08513,1.8058,0.40254,,
2.0429,1.89793,2.0151,2.62645,1.9676,2.16942,1.9188,2.86185,1.8613,3.09935,1.8048,0.36807,,
2.0418,2.11439,2.014,2.76565,1.9665,2.46312,1.9177,3.2997,1.8602,3.69974,1.8037,0.77389,,
2.0408,2.17517,2.013,2.74412,1.9655,2.60622,1.9167,3.37372,1.8592,3.7826,1.8027,0.79381,,
2.0397,3.39109,2.0119,4.21335,1.9644,3.56882,1.9156,3.97471,1.8581,4.3691,1.8016,1.18648,,
2.0387,3.28842,2.0109,4.06406,1.9634,3.51278,1.9146,3.99019,1.8571,4.32635,1.8006,1.11854,,
2.0377,3.31151,2.0099,3.97656,1.9624,3.64647,1.9136,4.38028,1.8561,4.73279,,,,
2.0366,3.80698,2.0088,4.55346,1.9613,4.0605,1.9125,4.76043,1.855,5.12098,,,,
2.0356,4.07423,2.0078,4.86805,1.9603,4.2804,1.9115,4.95162,1.854,5.32667,,,,
2.0346,3.51769,2.0068,3.96149,1.9593,4.07389,1.9105,5.11988,1.853,5.5022,,,,
2.0335,3.23148,2.0057,3.52078,1.9582,3.94217,1.9094,5.17184,1.8519,5.56536,,,,
2.0325,3.39261,2.0047,3.71278,1.9572,4.07244,1.9084,5.19115,1.8509,5.60825,,,,
2.0315,4.0269,2.0037,4.61114,1.9562,4.44266,1.9074,5.02575,1.8499,5.37761,,,,
2.0304,4.64685,2.0026,5.52351,1.9551,4.77019,1.9063,4.92672,1.8488,5.33651,,,,
2.0294,3.58693,2.0016,4.13872,1.9541,4.03513,1.9053,4.61436,1.8478,5.13804,,,,
2.0284,3.03041,2.0006,3.39719,1.9531,3.66363,1.9043,4.5139,1.8468,5.10021,,,,
2.0274,3.70503,1.9996,4.38947,1.9521,4.02059,1.9033,4.43228,1.8458,4.96784,,,,
2.0263,3.32923,1.9985,3.9186,1.951,3.73985,1.9022,4.40395,1.8447,4.94035,,,,
2.0253,2.86312,1.9975,3.41224,1.95,3.314,1.9012,4.18157,1.8437,4.67268,,,,
2.0243,2.54058,1.9965,3.00377,1.949,3.07738,1.9002,4.21956,1.8427,4.70205,,,,
2.0232,2.5771,1.9954,3.13318,1.9479,3.02102,1.8991,4.22085,1.8416,4.54817,,,,
2.0222,2.81887,1.9944,3.5136,1.9469,3.12415,1.8981,4.207,1.8406,4.43092,,,,
2.0212,3.02766,1.9934,3.8424,1.9459,3.21292,1.8971,4.11728,1.8396,4.27415,,,,
2.0202,2.63684,1.9924,3.44065,1.9449,2.83303,1.8961,4.03242,1.8386,4.22284,,,,
2.0192,2.5672,1.9914,3.48583,1.9439,2.64857,1.8951,3.80495,1.8376,3.98278,,,,
2.0181,2.73411,1.9903,3.76471,1.9428,2.70351,1.894,3.7558,1.8365,3.98138,,,,
2.0171,2.74403,1.9893,3.87753,1.9418,2.61053,1.893,3.48106,1.8355,3.85142,,,,
2.0161,2.91323,1.9883,4.09536,1.9408,2.7311,1.892,3.44813,1.8345,3.96944,,,,
2.0151,2.99661,1.9873,4.21589,1.9398,2.77734,1.891,3.52523,1.8335,4.14567,,,,
2.0141,3.19561,1.9863,4.49461,1.9388,2.89661,1.89,3.76554,1.8325,4.57103,,,,
2.013,3.38441,1.9852,4.72959,1.9377,3.03923,1.8889,3.87887,1.8314,4.84841,,,,
2.012,3.5868,1.9842,4.92209,1.9367,3.25152,1.8879,4.03952,1.8304,5.10652,,,,
2.011,3.57955,1.9832,4.86419,1.9357,3.29491,1.8869,4.27184,1.8294,5.46361,,,,
2.01,3.71993,1.9822,4.96613,1.9347,3.47372,1.8859,4.46642,1.8284,5.5703,,,,
2.009,3.9294,1.9812,5.182,1.9337,3.67679,1.8849,4.63009,1.8274,5.71212,,,,
2.008,3.99832,1.9802,5.21489,1.9327,3.78175,1.8839,4.69261,1.8264,5.66213,,,,
2.007,3.79524,1.9792,4.88046,1.9317,3.71001,1.8829,4.47991,1.8254,5.24762,,,,
2.006,3.76539,1.9782,4.76327,1.9307,3.7675,1.8819,4.29194,1.8244,4.87448,,,,
2.005,3.60558,1.9772,4.52187,1.9297,3.68929,1.8809,3.93642,1.8234,4.43697,,,,
2.004,3.63308,1.9762,4.47204,1.9287,3.79412,1.8799,3.68729,1.8224,4.0797,,,,
2.003,3.60095,1.9752,4.40679,1.9277,3.7951,1.8789,3.66391,1.8214,4.01358,,,,
2.002,3.45396,1.9742,4.22109,1.9267,3.68683,1.8779,3.60781,1.8204,3.92631,,,,
2.001,3.52609,1.9732,4.26056,1.9257,3.79162,1.8769,3.82533,1.8194,4.04932,,,,
1.9999,3.72246,1.9721,4.53943,1.9246,3.90549,1.8758,4.13784,1.8183,4.37591,,,,
1.9989,3.66956,1.9711,4.49541,1.9236,3.84371,1.8748,4.36632,1.8173,4.60981,,,,
1.9979,3.70812,1.9701,4.56657,1.9226,3.84967,1.8738,4.66518,1.8163,4.93924,,,,
1.997,3.71756,1.9692,4.62131,1.9217,3.8138,1.8729,4.70981,1.8154,5.00423,,,,
1.996,3.84956,1.9682,4.79608,1.9207,3.90305,1.8719,4.62413,1.8144,4.88315,,,,
1.995,3.82011,1.9672,4.80836,1.9197,3.83185,1.8709,4.41662,1.8134,4.61305,,,,
1.994,3.66278,1.9662,4.68591,1.9187,3.63965,1.8699,3.85279,1.8124,3.94039,,,,
1.993,3.46294,1.9652,4.51366,1.9177,3.41221,1.8689,3.33591,1.8114,3.35995,,,,
1.992,3.08096,1.9642,4.14809,1.9167,3.01382,1.8679,2.64154,1.8104,2.6442,,,,
1.991,2.80218,1.9632,3.96181,1.9157,2.64255,1.8669,2.03216,1.8094,1.95421,,,,
1.99,2.48515,1.9622,3.70431,1.9147,2.266,1.8659,1.48416,1.8084,1.42447,,,,
1.989,2.12462,1.9612,3.35844,1.9137,1.8908,1.8649,1.06294,1.8074,0.9848,,,,
1.988,1.78968,1.9602,3.00342,1.9127,1.57594,1.8639,0.68187,1.8064,0.54455,,,,
1.987,1.51932,1.9592,2.71485,1.9117,1.3238,1.8629,0.63363,1.8054,0.70545,,,,
1.986,1.29576,1.9582,2.4521,1.9107,1.13942,1.8619,0.50518,1.8044,0.7031,,,,
1.9851,1.47955,1.9573,2.66437,1.9098,1.29472,1.861,0.92929,1.8035,1.27809,,,,
1.9841,1.69432,1.9563,2.86152,1.9088,1.52711,1.86,1.28949,1.8025,1.74621,,,,
1.9831,2.05918,1.9553,3.25424,1.9078,1.86413,1.859,1.82499,1.8015,2.3292,,,,
1.9821,2.25891,1.9543,3.4733,1.9068,2.04451,1.858,2.0739,1.8005,2.65327,,,,
1.9811,2.53629,1.9533,3.79778,1.9058,2.27481,1.857,2.33146,,,,,,
1.9801,2.84203,1.9523,4.17974,1.9048,2.50433,1.856,2.43171,,,,,,
1.9791,3.0729,1.9513,4.44303,1.9038,2.70278,1.855,2.63673,,,,,,
1.9782,3.34224,1.9504,4.73545,1.9029,2.94903,1.8541,2.98324,,,,,,
1.9772,3.37586,1.9494,4.75917,1.9019,2.99254,1.8531,3.1633,,,,,,
1.9762,3.49337,1.9484,4.87575,1.9009,3.11099,1.8521,3.56524,,,,,,
1.9752,3.53261,1.9474,4.852,1.8999,3.21322,1.8511,3.77825,,,,,,
1.9742,3.29685,1.9464,4.43712,1.8989,3.15659,1.8501,3.94006,,,,,,
1.9733,3.12942,1.9455,4.14206,1.898,3.11679,1.8492,4.14275,,,,,,
1.9723,3.07832,1.9445,3.99056,1.897,3.16609,1.8482,4.23181,,,,,,
1.9713,2.87327,1.9435,3.66771,1.896,3.07884,1.8472,4.3098,,,,,,
1.9703,2.54647,1.9425,3.249,1.895,2.84393,1.8462,4.18389,,,,,,
1.9693,2.28898,1.9415,2.89795,1.894,2.68002,1.8452,3.79306,,,,,,
1.9684,1.99345,1.9406,2.56921,1.8931,2.4177,1.8443,3.48203,,,,,,
1.9674,1.70693,1.9396,2.41149,1.8921,2.00238,1.8433,2.80075,,,,,,
1.9665,1.49129,1.9387,2.27084,1.8912,1.71174,1.8424,2.36643,,,,,,
1.9655,1.41165,1.9377,2.28929,1.8902,1.534,1.8414,1.91775,,,,,,
1.9645,1.38073,1.9367,2.31417,1.8892,1.44729,1.8404,1.34107,,,,,,
1.9635,1.46962,1.9357,2.44114,1.8882,1.4981,1.8394,1.07613,,,,,,
1.9626,1.17034,1.9348,2.12884,1.8873,1.21185,1.8385,0.62907,,,,,,
1.9616,1.12472,1.9338,2.06514,1.8863,1.18429,1.8375,0.40644,,,,,,
1.9606,1.40557,1.9328,2.29604,1.8853,1.51509,1.8365,0.5169,,,,,,
1.9597,1.55349,1.9319,2.39086,1.8844,1.71612,1.8356,0.47024,,,,,,
1.9587,1.82592,1.9309,2.75907,1.8834,1.89277,1.8346,0.42853,,,,,,
1.9577,1.96985,1.9299,2.93045,1.8824,2.00926,1.8336,0.41283,,,,,,
1.9568,2.148,1.929,3.14143,1.8815,2.15456,1.8327,0.43339,,,,,,
1.9558,2.27732,1.928,3.31184,1.8805,2.24279,1.8317,0.4972,,,,,,
1.9549,2.34705,1.9271,3.44498,1.8796,2.24913,1.8308,0.72595,,,,,,
1.9539,2.30393,1.9261,3.47226,1.8786,2.13559,1.8298,0.85306,,,,,,
1.9529,2.35898,1.9251,3.58589,1.8776,2.13208,1.8288,1.00863,,,,,,
1.952,2.46414,1.9242,3.70942,1.8767,2.21885,1.8279,1.39926,,,,,,
1.951,2.5158,1.9232,3.79462,1.8757,2.23698,1.8269,1.80725,,,,,,
1.9501,2.56447,1.9223,3.81261,1.8748,2.31632,1.826,2.36465,,,,,,
1.9491,2.93597,1.9213,4.1626,1.8738,2.70934,1.825,3.13482,,,,,,
1.9482,2.93347,1.9204,4.07626,1.8729,2.79068,1.8241,3.51786,,,,,,
1.9472,3.10576,1.9194,4.19861,1.8719,3.0129,1.8231,3.91597,,,,,,
1.9463,3.02747,1.9185,4.14073,1.871,2.9142,1.8222,3.9727,,,,,,
1.9453,2.4687,1.9175,3.46876,1.87,2.46864,1.8212,3.62751,,,,,,
1.9444,2.0126,1.9166,2.93035,1.8691,2.09486,1.8203,3.24903,,,,,,
1.9434,1.61927,1.9156,2.47914,1.8681,1.7594,1.8193,2.74515,,,,,,
1.9425,1.28253,1.9147,2.13738,1.8672,1.42767,1.8184,2.36976,,,,,,
1.9415,1.29226,1.9137,2.19801,1.8662,1.38651,1.8174,2.19568,,,,,,
1.9406,1.09595,1.9128,2.01618,1.8653,1.17571,1.8165,2.07981,,,,,,
1.9396,1.0949,1.9118,2.00282,1.8643,1.18698,1.8155,2.27336,,,,,,
1.9387,1.16362,1.9109,2.11533,1.8634,1.21191,1.8146,2.30987,,,,,,
1.9377,1.48924,1.9099,2.49502,1.8624,1.48347,1.8136,2.58345,,,,,,
1.9368,1.41407,1.909,2.43491,1.8615,1.39324,1.8127,2.46034,,,,,,
1.9359,1.39312,1.9081,2.48336,1.8606,1.30287,1.8118,2.27962,,,,,,
1.9349,1.23731,1.9071,2.37616,1.8596,1.09845,1.8108,1.90596,,,,,,
1.934,1.26884,1.9062,2.41897,1.8587,1.11872,1.8099,1.71726,,,,,,
1.933,1.39332,1.9052,2.57635,1.8577,1.21029,1.8089,1.52102,,,,,,
1.9321,1.70488,1.9043,2.97545,1.8568,1.43432,1.808,1.55303,,,,,,
1.9312,1.84298,1.9034,3.19396,1.8559,1.492,1.8071,1.28032,,,,,,
1.9302,2.36382,1.9024,3.84442,1.8549,1.88322,1.8061,1.45119,,,,,,
1.9293,2.466,1.9015,3.8893,1.854,2.04271,1.8052,1.44968,,,,,,
1.9284,2.59912,1.9006,3.97809,1.8531,2.22016,1.8043,1.71286,,,,,,
1.9274,2.70067,1.8996,4.02244,1.8521,2.37891,1.8033,1.75661,,,,,,
1.9265,2.59188,1.8987,3.7952,1.8512,2.38855,1.8024,1.87654,,,,,,
1.9255,2.53554,1.8977,3.56977,1.8502,2.5013,1.8014,1.95649,,,,,,
1.9246,2.41209,1.8968,3.31393,1.8493,2.51025,1.8005,2.00804,,,,,,
1.9237,2.17159,1.8959,3.04411,1.8484,2.29906,,,,,,,,
1.9228,2.05224,1.895,3.01225,1.8475,2.09222,,,,,,,,
1.9218,2.05467,1.894,3.00523,1.8465,2.10412,,,,,,,,
1.9209,2.04646,1.8931,3.08565,1.8456,2.00726,,,,,,,,
1.92,2.10141,1.8922,3.19306,1.8447,2.00975,,,,,,,,
1.9191,2.16557,1.8913,3.34783,1.8438,1.98331,,,,,,,,
1.9181,1.91867,1.8903,3.08074,1.8428,1.7566,,,,,,,,
1.9172,1.84505,1.8894,2.98321,1.8419,1.7069,,,,,,,,
1.9163,1.92528,1.8885,2.99237,1.841,1.85819,,,,,,,,
1.9154,1.80303,1.8876,2.85575,1.8401,1.7503,,,,,,,,
1.9144,1.635,1.8866,2.66149,1.8391,1.6085,,,,,,,,
1.9135,1.47661,1.8857,2.52291,1.8382,1.43031,,,,,,,,
1.9126,1.20823,1.8848,2.18532,1.8373,1.23115,,,,,,,,
1.9117,1.29493,1.8839,2.33322,1.8364,1.25664,,,,,,,,
1.9108,1.3614,1.883,2.38167,1.8355,1.34112,,,,,,,,
1.9098,1.47811,1.882,2.54334,1.8345,1.41288,,,,,,,,
1.9089,1.63832,1.8811,2.76892,1.8336,1.50772,,,,,,,,
1.908,1.96812,1.8802,3.1376,1.8327,1.79865,,,,,,,,
1.9071,2.32964,1.8793,3.51546,1.8318,2.14382,,,,,,,,
1.9062,2.68382,1.8784,3.89829,1.8309,2.46935,,,,,,,,
1.9052,2.97078,1.8774,4.177,1.8299,2.76455,,,,,,,,
1.9043,2.96347,1.8765,4.14467,1.829,2.78227,,,,,,,,
1.9034,3.12939,1.8756,4.34262,1.8281,2.91616,,,,,,,,
1.9025,3.17439,1.8747,4.41523,1.8272,2.93354,,,,,,,,
1.9016,2.92779,1.8738,4.14539,1.8263,2.7102,,,,,,,,
1.9007,2.90997,1.8729,4.0842,1.8254,2.73574,,,,,,,,
1.8998,2.60904,1.872,3.70178,1.8245,2.51629,,,,,,,,
1.8989,2.3569,1.8711,3.35712,1.8236,2.35668,,,,,,,,
1.898,2.42607,1.8702,3.43438,1.8227,2.41776,,,,,,,,
1.8971,2.34898,1.8693,3.24682,1.8218,2.45114,,,,,,,,
1.8962,2.13445,1.8684,2.87597,1.8209,2.39293,,,,,,,,
1.8953,2.2434,1.8675,2.85372,1.82,2.63308,,,,,,,,
1.8943,2.10766,1.8665,2.68087,1.819,2.53446,,,,,,,,
1.8934,2.31047,1.8656,2.97745,1.8181,2.6435,,,,,,,,
1.8925,2.25432,1.8647,3.00702,1.8172,2.50162,,,,,,,,
1.8916,2.17119,1.8638,2.95648,1.8163,2.3859,,,,,,,,
1.8907,2.1041,1.8629,2.97521,1.8154,2.23298,,,,,,,,
1.8898,2.4321,1.862,3.47806,1.8145,2.38613,,,,,,,,
1.8889,2.3613,1.8611,3.60539,1.8136,2.11721,,,,,,,,
1.888,2.23855,1.8602,3.58455,1.8127,1.89255,,,,,,,,
1.8871,2.10468,1.8593,3.51507,1.8118,1.69428,,,,,,,,
1.8862,2.16377,1.8584,3.61504,1.8109,1.71251,,,,,,,,
1.8853,2.10001,1.8575,3.54163,1.81,1.65839,,,,,,,,
1.8845,1.71434,1.8567,3.12716,1.8092,1.30151,,,,,,,,
1.8836,1.20568,1.8558,2.54751,1.8083,0.86384,,,,,,,,
1.8827,1.0781,1.8549,2.3607,1.8074,0.7955,,,,,,,,
1.8818,0.85512,1.854,2.11327,1.8065,0.59698,,,,,,,,
1.8809,0.55378,1.8531,1.78378,1.8056,0.32377,,,,,,,,
1.88,0.51645,1.8522,1.67294,1.8047,0.35996,,,,,,,,
1.8791,0.53698,1.8513,1.71804,1.8038,0.35591,,,,,,,,
1.8782,0.69155,1.8504,1.91063,1.8029,0.47247,,,,,,,,
1.8773,0.91519,1.8495,2.14274,1.802,0.68764,,,,,,,,
1.8764,1.20967,1.8486,2.31001,1.8011,1.10933,,,,,,,,
1.8755,1.35434,1.8477,2.39462,1.8002,1.31406,,,,,,,,
1.8747,1.82647,1.8469,2.87389,,,,,,,,,,
1.8738,2.09602,1.846,3.17644,,,,,,,,,,
1.8729,2.19775,1.8451,3.2381,,,,,,,,,,
1.872,2.25602,1.8442,3.28368,,,,,,,,,,
1.8711,2.17134,1.8433,3.10415,,,,,,,,,,
1.8702,1.83281,1.8424,2.75561,,,,,,,,,,
1.8693,1.92102,1.8415,2.80779,,,,,,,,,,
1.8685,1.78392,1.8407,2.57857,,,,,,,,,,
1.8676,1.84556,1.8398,2.51762,,,,,,,,,,
1.8667,1.67781,1.8389,2.26606,,,,,,,,,,
1.8658,1.66171,1.838,2.19598,,,,,,,,,,
1.865,1.78647,1.8372,2.37787,,,,,,,,,,
1.8641,1.94559,1.8363,2.58055,,,,,,,,,,
1.8632,2.0042,1.8354,2.62487,,,,,,,,,,
1.8623,2.00114,1.8345,2.69718,,,,,,,,,,
1.8615,1.77411,1.8337,2.57159,,,,,,,,,,
1.8606,1.88879,1.8328,2.8556,,,,,,,,,,
1.8597,1.59297,1.8319,2.70012,,,,,,,,,,
1.8588,1.57221,1.831,2.85629,,,,,,,,,,
1.858,1.66169,1.8302,3.00343,,,,,,,,,,
1.8571,1.87929,1.8293,3.37388,,,,,,,,,,
1.8562,2.16232,1.8284,3.71621,,,,,,,,,,
1.8554,2.13677,1.8276,3.72986,,,,,,,,,,
1.8545,1.97742,1.8267,3.52401,,,,,,,,,,
1.8536,2.12511,1.8258,3.70806,,,,,,,,,,
1.8527,1.88246,1.8249,3.4339,,,,,,,,,,
1.8519,1.80399,1.8241,3.40247,,,,,,,,,,
1.851,1.77974,1.8232,3.30922,,,,,,,,,,
1.8501,1.75548,1.8223,3.24628,,,,,,,,,,
1.8493,2.09386,1.8215,3.58418,,,,,,,,,,
1.8484,2.60254,1.8206,4.15694,,,,,,,,,,
1.8476,3.14325,1.8198,4.69691,,,,,,,,,,
1.8467,3.67009,1.8189,5.14335,,,,,,,,,,
1.8458,4.14551,1.818,5.51906,,,,,,,,,,
1.845,4.40791,1.8172,5.81085,,,,,,,,,,
1.8441,4.47432,1.8163,5.86051,,,,,,,,,,
1.8433,4.4526,1.8155,5.84272,,,,,,,,,,
1.8424,4.23904,1.8146,5.58707,,,,,,,,,,
1.8415,3.97583,1.8137,5.20315,,,,,,,,,,
1.8407,3.71901,1.8129,4.9114,,,,,,,,,,
1.8398,3.37434,1.812,4.55999,,,,,,,,,,
1.839,3.16357,1.8112,4.25947,,,,,,,,,,
1.8381,2.97216,1.8103,4.01677,,,,,,,,,,
1.8373,2.78599,1.8095,3.73602,,,,,,,,,,
1.8364,2.71678,1.8086,3.60037,,,,,,,,,,
1.8355,2.47208,1.8077,3.33304,,,,,,,,,,
1.8347,2.35299,1.8069,3.19432,,,,,,,,,,
1.8339,2.53806,1.8061,3.45722,,,,,,,,,,
1.833,2.42868,1.8052,3.43301,,,,,,,,,,
1.8322,2.17434,1.8044,3.30717,,,,,,,,,,
1.8313,2.25404,1.8035,3.56744,,,,,,,,,,
1.8305,2.09287,1.8027,3.60956,,,,,,,,,,
1.8296,2.23626,1.8018,3.91998,,,,,,,,,,
1.8288,2.52574,1.801,4.35102,,,,,,,,,,
1.8279,2.5454,1.8001,4.44339,,,,,,,,,,
1.8271,2.51646,,,,,,,,,,,,
1.8262,2.67397,,,,,,,,,,,,
1.8254,2.42899,,,,,,,,,,,,
1.8245,2.42701,,,,,,,,,,,,
1.8237,2.21456,,,,,,,,,,,,
1.8229,1.85131,,,,,,,,,,,,
1.822,1.40771,,,,,,,,,,,,
1.8212,1.29624,,,,,,,,,,,,
1.8204,1.25254,,,,,,,,,,,,
1.8195,1.508,,,,,,,,,,,,
1.8187,1.53151,,,,,,,,,,,,
1.8178,1.78353,,,,,,,,,,,,
1.817,1.84567,,,,,,,,,,,,
1.8162,1.71506,,,,,,,,,,,,
1.8153,1.50259,,,,,,,,,,,,
1.8145,1.59316,,,,,,,,,,,,
1.8137,1.55801,,,,,,,,,,,,
1.8128,1.17144,,,,,,,,,,,,
1.812,0.60663,,,,,,,,,,,,
1.8112,0.53643,,,,,,,,,,,,
1.8103,0.50369,,,,,,,,,,,,
1.8095,0.29076,,,,,,,,,,,,
1.8087,0.46722,,,,,,,,,,,,
1.8083,0.34941,,,,,,,,,,,,
1.8075,0.54818,,,,,,,,,,,,
1.8067,0.47598,,,,,,,,,,,,
1.8059,0.34369,,,,,,,,,,,,
1.805,0.42381,,,,,,,,,,,,
1.8042,0.66278,,,,,,,,,,,,
1.8034,0.95301,,,,,,,,,,,,
1.8026,1.02263,,,,,,,,,,,,
1.8018,0.91713,,,,,,,,,,,,
1.801,0.97687,,,,,,,,,,,,
1.8001,1.20671,,,,,,,,,,,,
